{
  "logistic": {
    "accuracy": 0.527117031398668,
    "f1": 0.6039840637450199,
    "precision": 0.5508720930232558,
    "recall": 0.6684303350970018,
    "auc": 0.5170973807337442,
    "total_return": -0.6752523826181693,
    "ann_ret": -0.23637071694422251,
    "ann_vol": 0.10868214273916572,
    "sharpe": -2.174880904874189
  },
  "rf": {
    "accuracy": 0.49096098953377737,
    "f1": 0.3968432919954904,
    "precision": 0.55,
    "recall": 0.31040564373897706,
    "auc": 0.5206739108254259,
    "total_return": -0.2589762225880843,
    "ann_ret": -0.06934344890167365,
    "ann_vol": 0.0856187665754883,
    "sharpe": -0.8099094588163095
  },
  "svm": {
    "accuracy": 0.4966698382492864,
    "f1": 0.5395996518711923,
    "precision": 0.5326460481099656,
    "recall": 0.54673721340388,
    "auc": 0.4926191933767692,
    "total_return": 0.9115855346554467,
    "ann_ret": 0.16807368264090616,
    "ann_vol": 0.14808539814644883,
    "sharpe": 1.1349780919972268
  },
  "knn": {
    "accuracy": 0.5118934348239772,
    "f1": 0.5236768802228412,
    "precision": 0.5529411764705883,
    "recall": 0.4973544973544973,
    "auc": 0.5099734720946842,
    "total_return": -0.2584811135775186,
    "ann_ret": -0.0691943941993367,
    "ann_vol": 0.10574883054273441,
    "sharpe": -0.6543277485359461
  },
  "mlp": {
    "accuracy": 0.49762131303520457,
    "f1": 0.5074626865671642,
    "precision": 0.5386138613861386,
    "recall": 0.47971781305114636,
    "auc": 0.4919796813736208,
    "total_return": -0.06314299233876175,
    "ann_ret": -0.015517358929463598,
    "ann_vol": 0.11245808320211471,
    "sharpe": -0.13798349116065853
  },
  "xgb": {
    "accuracy": 0.4776403425309229,
    "f1": 0.4548162859980139,
    "precision": 0.5204545454545455,
    "recall": 0.4038800705467372,
    "auc": 0.49840395294940754,
    "total_return": -0.47420852169154604,
    "ann_ret": -0.14284570887686598,
    "ann_vol": 0.10616223921948212,
    "sharpe": -1.3455415967775854
  },
  "lgb": {
    "accuracy": 0.5023786869647955,
    "f1": 0.4785643070787637,
    "precision": 0.5504587155963303,
    "recall": 0.42328042328042326,
    "auc": 0.5142623930502719,
    "total_return": -0.6811815602085002,
    "ann_ret": -0.23973711116349694,
    "ann_vol": 0.10660512939051119,
    "sharpe": -2.248832795702565
  }
}