{
  "total_return": -0.45939586885339945,
  "ann_ret": -0.13711673849101003,
  "ann_vol": 0.10114141370258453,
  "sharpe": -1.3556933156403586
}