{
  "total_return": 0.5589567479162203,
  "ann_ret": 0.1123363800069499,
  "ann_vol": 0.057720365201499806,
  "sharpe": 1.9462174158945023
}