,accuracy,f1,precision,recall,auc,total_return,ann_ret,ann_vol,sharpe
logistic,0.527117031398668,0.6039840637450199,0.5508720930232558,0.6684303350970018,0.5170973807337442,-0.1224266320615715,-0.0308277383098081,0.0073443762084685,-4.1974617632279685
rf,0.4909609895337773,0.3968432919954904,0.55,0.310405643738977,0.5206739108254259,-0.046641346104721,-0.011387147886221,0.0157444761713043,-0.7232471733149914
svm,0.4966698382492864,0.5395996518711923,0.5326460481099656,0.54673721340388,0.4917719766204615,0.047097030249557,0.0110957818855197,0.0089071759038252,1.2457126709212716
knn,0.5118934348239772,0.5236768802228412,0.5529411764705883,0.4973544973544973,0.5099734720946842,-0.1554991609844442,-0.0397135924498418,0.0458672618502318,-0.8658374371576124
mlp,0.472882968601332,0.5009009009009009,0.5119705340699816,0.4902998236331569,0.4799400935764571,0.4134002044605107,0.0864989784221086,0.0553847416561173,1.5617835496855583
xgb,0.4776403425309229,0.4548162859980139,0.5204545454545455,0.4038800705467372,0.4984039529494075,-0.3229029118177187,-0.0892589782122592,0.0513077180119247,-1.7396793634734269
lgb,0.5023786869647955,0.4785643070787637,0.5504587155963303,0.4232804232804232,0.5142623930502719,-0.3456841614531903,-0.0967019980304402,0.0373675470507672,-2.587860474198682
ensemble,,,,,,-0.45939586885339945,-0.13711673849101003,0.10114141370258453,-1.3556933156403586
