,accuracy,f1,precision,recall,auc,total_return,ann_ret,ann_vol,sharpe
logistic,0.527117031398668,0.6039840637450199,0.5508720930232558,0.6684303350970018,0.5170973807337442,-0.12242663206157156,-0.030827738309808117,0.007344376208468591,-4.1974617632279685
rf,0.49096098953377737,0.3968432919954904,0.55,0.31040564373897706,0.5206739108254259,-0.04664134610472104,-0.011387147886221083,0.01574447617130431,-0.7232471733149914
svm,0.4966698382492864,0.5395996518711923,0.5326460481099656,0.54673721340388,0.4917719766204615,0.047097030249557026,0.01109578188551974,0.008907175903825247,1.2457126709212716
knn,0.5118934348239772,0.5236768802228412,0.5529411764705883,0.4973544973544973,0.5099734720946842,-0.15549916098444427,-0.03971359244984185,0.04586726185023182,-0.8658374371576124
mlp,0.47288296860133205,0.5009009009009009,0.5119705340699816,0.49029982363315694,0.47994009357645717,0.41340020446051073,0.08649897842210863,0.05538474165611739,1.5617835496855583
xgb,0.4776403425309229,0.4548162859980139,0.5204545454545455,0.4038800705467372,0.49840395294940754,-0.3229029118177187,-0.08925897821225925,0.05130771801192471,-1.7396793634734267
lgb,0.5023786869647955,0.4785643070787637,0.5504587155963303,0.42328042328042326,0.5142623930502719,-0.34568416145319036,-0.09670199803044022,0.037367547050767294,-2.587860474198682
