{
  "logistic": {
    "accuracy": 0.527117031398668,
    "f1": 0.6039840637450199,
    "precision": 0.5508720930232558,
    "recall": 0.6684303350970018,
    "auc": 0.5170973807337442,
    "total_return": -0.12242663206157156,
    "ann_ret": -0.030827738309808117,
    "ann_vol": 0.007344376208468591,
    "sharpe": -4.1974617632279685
  },
  "rf": {
    "accuracy": 0.49096098953377737,
    "f1": 0.3968432919954904,
    "precision": 0.55,
    "recall": 0.31040564373897706,
    "auc": 0.5206739108254259,
    "total_return": -0.04664134610472104,
    "ann_ret": -0.011387147886221083,
    "ann_vol": 0.01574447617130431,
    "sharpe": -0.7232471733149914
  },
  "svm": {
    "accuracy": 0.4966698382492864,
    "f1": 0.5395996518711923,
    "precision": 0.5326460481099656,
    "recall": 0.54673721340388,
    "auc": 0.4917719766204615,
    "total_return": 0.047097030249557026,
    "ann_ret": 0.01109578188551974,
    "ann_vol": 0.008907175903825247,
    "sharpe": 1.2457126709212716
  },
  "knn": {
    "accuracy": 0.5118934348239772,
    "f1": 0.5236768802228412,
    "precision": 0.5529411764705883,
    "recall": 0.4973544973544973,
    "auc": 0.5099734720946842,
    "total_return": -0.15549916098444427,
    "ann_ret": -0.03971359244984185,
    "ann_vol": 0.04586726185023182,
    "sharpe": -0.8658374371576124
  },
  "mlp": {
    "accuracy": 0.47288296860133205,
    "f1": 0.5009009009009009,
    "precision": 0.5119705340699816,
    "recall": 0.49029982363315694,
    "auc": 0.47994009357645717,
    "total_return": 0.41340020446051073,
    "ann_ret": 0.08649897842210863,
    "ann_vol": 0.05538474165611739,
    "sharpe": 1.5617835496855583
  },
  "xgb": {
    "accuracy": 0.4776403425309229,
    "f1": 0.4548162859980139,
    "precision": 0.5204545454545455,
    "recall": 0.4038800705467372,
    "auc": 0.49840395294940754,
    "total_return": -0.3229029118177187,
    "ann_ret": -0.08925897821225925,
    "ann_vol": 0.05130771801192471,
    "sharpe": -1.7396793634734267
  },
  "lgb": {
    "accuracy": 0.5023786869647955,
    "f1": 0.4785643070787637,
    "precision": 0.5504587155963303,
    "recall": 0.42328042328042326,
    "auc": 0.5142623930502719,
    "total_return": -0.34568416145319036,
    "ann_ret": -0.09670199803044022,
    "ann_vol": 0.037367547050767294,
    "sharpe": -2.587860474198682
  }
}