{
  "logistic": {
    "total_return": -0.10399827604278533,
    "ann_ret": -0.02598641699745874,
    "ann_vol": 0.005719350734196368,
    "sharpe": -4.5435956291479505
  },
  "rf": {
    "total_return": -0.01653456518495655,
    "ann_ret": -0.003989681535554124,
    "ann_vol": 0.004502143911542872,
    "sharpe": -0.8861737016724709
  },
  "knn": {
    "accuracy": 0.5118934348239772,
    "f1": 0.5236768802228412,
    "precision": 0.5529411764705883,
    "recall": 0.4973544973544973,
    "auc": 0.5099734720946842,
    "total_return": -0.15549916098444427,
    "ann_ret": -0.03971359244984185,
    "ann_vol": 0.04586726185023182,
    "sharpe": -0.8658374371576124
  }
}