{"logistic_h1":{"Open":0.0223285486,"High":0.0669856459,"Low":0.1172248804,"Close":-0.0079744817,"Volume":0.0007974482,"Dividends":0.0,"Stock Splits":0.0,"Capital Gains":0.0,"return_1d":0.0486443381,"sma_5":0.0988835726,"sma_10":0.0813397129,"ema_12":0.0733652313,"ema_26":0.0781499203,"rsi_14":-0.0031897927,"macd":0.0119617225,"macd_signal":0.0167464115,"macd_hist":0.0550239234,"bb_upper":0.1363636364,"bb_lower":0.0518341308,"atr_14":0.0558213716,"bb_pct":0.0582137161,"return_2d":0.004784689,"return_3d":0.0103668262},"rf_h1":{"Open":-0.0421455939,"High":-0.1609195402,"Low":-0.0057471264,"Close":-0.1130268199,"Volume":0.0114942529,"Dividends":0.0,"Stock Splits":0.0,"Capital Gains":0.0,"return_1d":0.1187739464,"sma_5":-0.0536398467,"sma_10":-0.0038314176,"ema_12":0.0134099617,"ema_26":-0.0555555556,"rsi_14":0.0402298851,"macd":-0.0191570881,"macd_signal":0.0249042146,"macd_hist":-0.0076628352,"bb_upper":0.0383141762,"bb_lower":0.0076628352,"atr_14":0.0421455939,"bb_pct":0.1053639847,"return_2d":0.0363984674,"return_3d":-0.0996168582},"svm_h1":{"Open":0.0114503817,"High":0.0381679389,"Low":-0.0305343511,"Close":0.0152671756,"Volume":0.0229007634,"Dividends":0.0,"Stock Splits":0.0,"Capital Gains":0.0,"return_1d":0.106870229,"sma_5":-0.0381679389,"sma_10":0.0038167939,"ema_12":-0.0190839695,"ema_26":-0.0152671756,"rsi_14":-0.0648854962,"macd":0.0839694656,"macd_signal":-0.0992366412,"macd_hist":-0.1832061069,"bb_upper":0.0381679389,"bb_lower":0.0229007634,"atr_14":-0.0458015267,"bb_pct":0.0534351145,"return_2d":-0.0229007634,"return_3d":0.0839694656},"knn_h1":{"Open":0.0245989305,"High":0.0245989305,"Low":0.0374331551,"Close":0.0267379679,"Volume":0.0684491979,"Dividends":0.0,"Stock Splits":0.0,"Capital Gains":0.0,"return_1d":0.1176470588,"sma_5":0.0160427807,"sma_10":0.0299465241,"ema_12":0.0203208556,"ema_26":0.007486631,"rsi_14":0.056684492,"macd":0.113368984,"macd_signal":0.1187165775,"macd_hist":0.0256684492,"bb_upper":0.014973262,"bb_lower":0.0331550802,"atr_14":0.0877005348,"bb_pct":0.0598930481,"return_2d":0.0663101604,"return_3d":0.0502673797},"mlp_h1":{"Open":0.073587385,"High":-0.0262812089,"Low":-0.0052562418,"Close":-0.0302233903,"Volume":0.0341655716,"Dividends":0.0,"Stock Splits":0.0,"Capital Gains":0.0,"return_1d":0.0696452037,"sma_5":-0.0039421813,"sma_10":0.023653088,"ema_12":-0.0091984231,"ema_26":-0.073587385,"rsi_14":-0.049934297,"macd":0.0722733246,"macd_signal":-0.0762155059,"macd_hist":-0.0788436268,"bb_upper":0.011826544,"bb_lower":0.0525624179,"atr_14":0.0985545335,"bb_pct":0.0538764783,"return_2d":0.111695138,"return_3d":0.0446780552},"xgb_h1":{"Open":0.5945230126,"High":0.0268686488,"Low":0.013094631,"Close":-0.6619865298,"Volume":-0.1559301019,"Dividends":0.0,"Stock Splits":0.0,"Capital Gains":0.0,"return_1d":0.0469042659,"sma_5":0.223093763,"sma_10":0.0312929377,"ema_12":0.0427852087,"ema_26":0.0232556388,"rsi_14":-0.0436368026,"macd":-0.0293663144,"macd_signal":0.010029586,"macd_hist":-0.1279955506,"bb_upper":0.2401993722,"bb_lower":0.0336577147,"atr_14":0.1488368064,"bb_pct":-0.3406617045,"return_2d":0.1639508009,"return_3d":0.3074312806},"lgb_h1":{"Open":0.0320346892,"High":-0.0598517605,"Low":0.1141807238,"Close":0.003279485,"Volume":-0.2452054711,"Dividends":0.0,"Stock Splits":0.0,"Capital Gains":0.0,"return_1d":-0.035784784,"sma_5":0.0738343805,"sma_10":0.0086192795,"ema_12":0.012478466,"ema_26":0.0108210507,"rsi_14":-0.3289764342,"macd":-0.0771973684,"macd_signal":-0.1531438745,"macd_hist":-0.0571397824,"bb_upper":0.0948819773,"bb_lower":-0.2865114584,"atr_14":-0.0808802149,"bb_pct":-0.0717740172,"return_2d":0.0827667261,"return_3d":-0.0127374938},"logistic_h2":{"Open":-0.1197492163,"High":-0.1228840125,"Low":-0.1128526646,"Close":-0.0307210031,"Volume":0.0094043887,"Dividends":0.0,"Stock Splits":0.0,"Capital Gains":0.0,"return_1d":0.0332288401,"sma_5":-0.055799373,"sma_10":-0.0589341693,"ema_12":-0.0601880878,"ema_26":-0.0570532915,"rsi_14":-0.0357366771,"macd":0.0018808777,"macd_signal":-0.0031347962,"macd_hist":-0.0231974922,"bb_upper":-0.060815047,"bb_lower":-0.1122257053,"atr_14":-0.0476489028,"bb_pct":-0.0463949843,"return_2d":0.0,"return_3d":-0.0081504702},"rf_h2":{"Open":0.0932038835,"High":0.040776699,"Low":0.0155339806,"Close":0.1029126214,"Volume":0.0912621359,"Dividends":0.0,"Stock Splits":0.0,"Capital Gains":0.0,"return_1d":-0.027184466,"sma_5":0.0485436893,"sma_10":0.027184466,"ema_12":0.0601941748,"ema_26":0.027184466,"rsi_14":0.0116504854,"macd":0.1281553398,"macd_signal":0.0718446602,"macd_hist":-0.0155339806,"bb_upper":0.013592233,"bb_lower":0.0951456311,"atr_14":0.0213592233,"bb_pct":-0.0233009709,"return_2d":0.0757281553,"return_3d":-0.0097087379},"svm_h2":{"Open":0.0130932897,"High":0.0360065466,"Low":0.022913257,"Close":0.0016366612,"Volume":0.0098199673,"Dividends":0.0,"Stock Splits":0.0,"Capital Gains":0.0,"return_1d":0.0130932897,"sma_5":-0.0360065466,"sma_10":-0.0458265139,"ema_12":-0.0163666121,"ema_26":-0.0212765957,"rsi_14":0.093289689,"macd":0.0916530278,"macd_signal":0.0818330606,"macd_hist":0.1194762684,"bb_upper":0.0016366612,"bb_lower":0.0392798691,"atr_14":0.062193126,"bb_pct":0.1145662848,"return_2d":0.0998363339,"return_3d":0.0801963993},"knn_h2":{"Open":-0.0790402258,"High":-0.0656316161,"Low":-0.0628087509,"Close":-0.0599858857,"Volume":-0.0585744531,"Dividends":0.0,"Stock Splits":0.0,"Capital Gains":0.0,"return_1d":-0.0508115737,"sma_5":-0.0522230064,"sma_10":-0.0430486944,"ema_12":-0.0522230064,"ema_26":-0.0585744531,"rsi_14":-0.0804516584,"macd":-0.0275229358,"macd_signal":-0.0162314749,"macd_hist":-0.0508115737,"bb_upper":-0.0776287932,"bb_lower":-0.0486944248,"atr_14":-0.0021171489,"bb_pct":-0.0783345095,"return_2d":-0.0169371912,"return_3d":-0.0183486239},"mlp_h2":{"Open":-0.0045731707,"High":0.1478658537,"Low":0.012195122,"Close":0.0411585366,"Volume":0.0472560976,"Dividends":0.0,"Stock Splits":0.0,"Capital Gains":0.0,"return_1d":0.0106707317,"sma_5":-0.0594512195,"sma_10":-0.0807926829,"ema_12":0.0548780488,"ema_26":0.0548780488,"rsi_14":0.0091463415,"macd":0.006097561,"macd_signal":0.0030487805,"macd_hist":0.0731707317,"bb_upper":-0.0487804878,"bb_lower":-0.0609756098,"atr_14":0.1051829268,"bb_pct":0.0975609756,"return_2d":-0.0137195122,"return_3d":0.068597561},"xgb_h2":{"Open":0.2484615743,"High":0.1522683054,"Low":-0.1016084701,"Close":-0.740447998,"Volume":-0.0998782068,"Dividends":0.0,"Stock Splits":0.0,"Capital Gains":0.0,"return_1d":0.020848982,"sma_5":0.0067225937,"sma_10":0.0561280102,"ema_12":0.0836617202,"ema_26":0.0197113976,"rsi_14":-0.4640185237,"macd":-0.0584511161,"macd_signal":-0.1628346294,"macd_hist":0.3447467685,"bb_upper":0.423405081,"bb_lower":-0.6436237693,"atr_14":-0.5845312476,"bb_pct":0.1400254369,"return_2d":0.1752043813,"return_3d":0.0453164764},"lgb_h2":{"Open":0.0994312024,"High":-0.037264016,"Low":0.0188131854,"Close":-0.4072541035,"Volume":0.0265835304,"Dividends":0.0,"Stock Splits":0.0,"Capital Gains":0.0,"return_1d":0.0746334426,"sma_5":0.1349358651,"sma_10":-0.0775247771,"ema_12":0.1875335395,"ema_26":-0.0383442876,"rsi_14":-0.0135920205,"macd":0.1453996996,"macd_signal":-0.0676087,"macd_hist":0.1421331399,"bb_upper":0.2523082359,"bb_lower":-0.4768843287,"atr_14":-0.3673965511,"bb_pct":0.0246984756,"return_2d":0.1136277636,"return_3d":0.0496825936},"logistic_h3":{"Open":-0.1266568483,"High":-0.1286205204,"Low":-0.1271477663,"Close":-0.030436917,"Volume":0.0083456063,"Dividends":0.0,"Stock Splits":0.0,"Capital Gains":0.0,"return_1d":-0.0152184585,"sma_5":-0.0441826215,"sma_10":-0.0515463918,"ema_12":-0.0505645557,"ema_26":-0.05940108,"rsi_14":-0.0456553756,"macd":0.0191458027,"macd_signal":0.0260186549,"macd_hist":-0.0152184585,"bb_upper":-0.0544918999,"bb_lower":-0.1310751105,"atr_14":-0.0250368189,"bb_pct":-0.0274914089,"return_2d":0.0014727541,"return_3d":-0.0122729504},"rf_h3":{"Open":0.06087735,"High":0.0438675022,"Low":0.0492390331,"Close":0.0420769919,"Volume":0.0510295434,"Dividends":0.0,"Stock Splits":0.0,"Capital Gains":0.0,