{"mlp_h1":{"Open":0.0404040404,"High":-0.0252525253,"Low":-0.0360750361,"Close":-0.0562770563,"Volume":0.0505050505,"Dividends":0.0,"Stock Splits":0.0,"Capital Gains":0.0,"return_1d":0.0533910534,"sma_5":-0.0036075036,"sma_10":0.0216450216,"ema_12":-0.0093795094,"ema_26":-0.0728715729,"rsi_14":-0.088023088,"macd":0.0425685426,"macd_signal":-0.0707070707,"macd_hist":-0.0598845599,"bb_upper":0.038961039,"bb_lower":0.0447330447,"atr_14":0.075036075,"bb_pct":0.0375180375,"return_2d":0.0822510823,"return_3d":0.0909090909},"svm_h1":{"Open":0.0355411955,"High":0.0759289176,"Low":0.0161550889,"Close":0.0500807754,"Volume":0.0096930533,"Dividends":0.0,"Stock Splits":0.0,"Capital Gains":0.0,"return_1d":0.1195476575,"sma_5":0.0048465267,"sma_10":0.0355411955,"ema_12":0.0210016155,"ema_26":0.0242326333,"rsi_14":-0.0339256866,"macd":0.0662358643,"macd_signal":-0.0290791599,"macd_hist":-0.1050080775,"bb_upper":0.0726978998,"bb_lower":0.0387722132,"atr_14":-0.0048465267,"bb_pct":0.0807754443,"return_2d":-0.0436187399,"return_3d":0.1324717286}}